class,area_percentage
benign,2.1112451448419827
benign,0.4823918327180839
benign,1.5753219526804432
benign,0.37173878550218736
benign,1.5647824437943814
benign,1.653029335016511
benign,4.6406901472060955
benign,11.065809734217046
benign,2.017188450688644
benign,3.096135026074833
benign,8.238665515385867
benign,1.1548556430446193
benign,3.8253841371347366
benign,1.6879909104381763
benign,1.7198043876185014
benign,0.8750718093278647
benign,4.8758856079019495
benign,1.2213370988081915
benign,2.4447818685440588
benign,1.2495488993143269
benign,14.523754523754523
benign,10.765124555160142
benign,5.0430187812302565
benign,19.429720138358565
benign,0.7465038306753664
benign,0.8956694440565408
benign,0.5635418775730581
benign,0.6323229405499088
benign,0.9638831377961813
benign,51.2972885938208
benign,1.4920908829450676
benign,5.665955870120835
benign,4.498045982845253
benign,0.843545997036325
benign,2.465724306515039
benign,0.9524715130192237
benign,3.4709754637941357
benign,1.42494983380053
benign,0.4464751958224543
benign,2.4188345785699283
benign,1.9282292584524967
benign,3.937240970988751
benign,0.2812360053739364
benign,5.642582473183566
benign,3.174891065342881
benign,0.8825769113615595
benign,3.159493828263716
benign,1.9104613286872205
benign,0.3436854476814588
benign,1.288370082144401
benign,1.6302219812656245
benign,1.2360110976027932
benign,1.8575833370525103
benign,1.1800554464408397
benign,13.312697567739859
benign,1.1225078266600759
benign,1.4266087816673079
benign,0.9941376287530134
benign,0.5380375544028634
benign,0.8317829499411487
benign,0.7984991317290994
benign,4.177428836927045
benign,0.978615361043623
benign,4.300608332285798
benign,23.548516669535775
benign,13.54814045637473
benign,26.42503279876246
benign,14.144675638799306
benign,0.4771616074463357
benign,1.071401529491936
benign,10.228023238892682
benign,0.7528435428081863
benign,9.512008841941073
benign,8.907472896979534
benign,5.29749399759904
benign,12.604030336588476
benign,0.5305785815004428
benign,22.525584423894102
benign,0.6056673155959333
benign,0.6272401433691757
benign,0.978409359760053
benign,2.3627946127946124
benign,7.838780816957967
benign,9.419321685508736
benign,4.76222949627205
benign,3.561817498605107
benign,1.6102318371907298
benign,1.4218635573871714
benign,3.7902455490200304
benign,0.49837040787267034
benign,8.059644081411003
benign,2.520532983835736
benign,3.0442066024035768
benign,1.1994888520717093
benign,5.380392441070426
benign,4.724277388344444
benign,3.106227605693551
benign,14.326059201120245
benign,15.17604772135899
benign,0.9282099936748892
benign,2.4815590565522267
benign,0.7491284502587694
benign,7.2509625071963155
benign,15.761018237082066
benign,1.029452117442605
benign,8.494012273501921
benign,3.435896281624201
benign,1.7331711743016545
benign,5.798938064454034
benign,0.5224034374069862
benign,12.889536791812
benign,2.0923177515276516
benign,44.85267175572519
benign,2.541450691121744
benign,5.597503271921877
benign,19.84189992287801
benign,1.2048333430622848
benign,1.1074769036552476
benign,1.9659072435495484
benign,4.29990655258571
benign,0.7367141120091553
benign,5.24238487967226
benign,8.701442283531836
benign,1.4086611232332764
benign,18.559782195385342
benign,6.8212824010914055
benign,1.1822011985520031
benign,2.405160851474666
benign,5.134540145319326
benign,12.297926176929735
benign,1.5691375113359745
benign,2.8955614165595907
benign,0.48807231493367564
benign,0.48366469015230784
benign,0.4896301697249565
benign,3.1787497304738683
benign,4.068544595835802
benign,1.1684227877312439
benign,2.1693548387096775
benign,2.1086820598797096
benign,2.5527969972414417
benign,4.3935498948352425
benign,2.0561028239046815
benign,11.584301279696417
benign,13.233269757027946
benign,5.707333635129018
benign,3.2455821834906797
benign,7.353610782260269
benign,2.4644724167415277
benign,4.655664987594918
benign,22.579432522727153
benign,9.542522469029176
benign,2.223170731707317
benign,12.824287307741923
benign,5.42652345992326
benign,8.997353882264369
benign,1.109039475376109
benign,4.576067651962366
benign,5.470146176052788
benign,1.5109101349411427
benign,0.7914718619691452
benign,3.166682033314893
benign,11.672169032684055
benign,9.128638160258713
benign,3.5043852251644463
benign,1.4806917791992418
benign,2.937436370272191
benign,6.773448708751793
benign,12.226984986245677
benign,2.4549572107412723
benign,0.5505524546595869
benign,0.8779229424981277
benign,5.871093117408907
benign,0.5459484069109738
benign,4.040364728121872
benign,11.321885741602108
benign,2.1047401907168055
benign,3.1803955335055423
benign,10.46756584625009
benign,4.9609364366408055
benign,4.169263052204414
benign,12.589203423304806
benign,11.659378596087457
benign,4.998463901689708
benign,3.161841742486904
benign,9.512984306682732
benign,12.880651812335685
benign,12.545046397789724
benign,0.725312423425631
benign,7.376750707891977
benign,3.7043805726311128
benign,10.717979527583008
benign,2.9880199512096586
benign,4.537933223020604
benign,5.55029786821
benign,1.1919436495707683
benign,5.393405296002698
benign,4.757933430365357
benign,14.199468450717134
benign,7.7809820373978
benign,10.259128770579153
benign,16.445776014210185
benign,2.3508758683177287
benign,30.34348700716508
benign,8.913807120614809
benign,2.7708261584969196
benign,3.837920489296636
benign,3.7376853193781048
benign,6.219309425685948
benign,6.492842535787322
benign,10.493831861102649
benign,8.303571428571429
benign,4.506429637712459
benign,2.3800419525411876
benign,4.542045767852219
benign,5.129859387923904
benign,1.1520615440420772
benign,35.3417328939717
benign,5.580673905151645
benign,6.5644656966483845
benign,8.899708152633446
benign,7.8135678163014255
benign,2.6017732503301265
benign,8.238677316931629
benign,1.0126504355320263
benign,9.576908265943377
benign,10.08664612642107
benign,11.079972767143241
benign,14.210623434822722
benign,8.607580315486564
benign,0.6102035299115591
benign,7.215859100050276
benign,1.626176762046327
benign,2.983034096524461
benign,1.7713950281899717
benign,3.9680824355153854
benign,2.6465900972687804
benign,14.68648328896776
benign,14.573552935291758
benign,1.532959172444151
benign,2.059367059367059
benign,12.035447686719094
benign,1.3913088392272994
benign,14.841203959908997
benign,1.7853522312121037
benign,24.038081394187955
benign,13.698088436503983
benign,5.264479601853754
benign,2.623527017777531
benign,9.987451979691512
benign,13.198249527226883
benign,1.4946214440424477
benign,0.7420031894080963
benign,1.874917593284402
benign,5.952545655783066
benign,0.3153163752735487
benign,1.1625474761930974
benign,2.408394908215564
benign,2.6718109109726123
benign,2.840735653235653
benign,13.410107923137668
benign,3.781355154481493
benign,5.088618036185246
benign,5.018495548993996
benign,0.9448126298548659
benign,1.4071207069411737
benign,5.8017807554987435
benign,2.309211469929499
benign,1.3322006410008882
benign,6.793912981803567
benign,0.7116750208855471
benign,0.4040992197507861
benign,0.6189474817295161
benign,1.0630229485736653
benign,1.1298052668751892
benign,14.320024678300722
benign,4.889512928827445
benign,16.87516521897021
benign,25.84140565317036
benign,0.5035837341889934
benign,1.0548324350262637
benign,0.9740338018660946
benign,10.957842958241343
benign,2.7039627039627043
benign,7.5557672118017605
benign,5.492598432093899
benign,7.888736368489285
benign,14.742451154529308
benign,1.8401323447195008
benign,8.904207362885048
benign,1.9584779453524326
benign,2.3128749771109125
benign,1.7006993006993008
benign,2.2607222484157363
benign,7.607707262009282
benign,0.7687687687687688
benign,36.61644130632086
benign,1.0759805579444761
benign,2.7185607552382094
benign,37.030897259970786
benign,1.2753048969231722
benign,12.137747756027325
benign,11.81964820646747
benign,2.176203710520504
benign,2.9922297270483282
benign,1.7255136644723719
benign,1.191442305119813
benign,10.935831231123174
benign,4.460134652854139
benign,2.0054738779761183
benign,3.7308917685261767
benign,7.514848026085944
benign,25.77080542374579
benign,1.3753265019087804
benign,25.406849508099604
benign,18.573090432173625
benign,5.924978687127025
benign,2.1049271295588365
benign,11.433495390153208
benign,10.220837143636393
benign,46.32535698620791
benign,5.7643094002306805
benign,7.138579741257556
benign,3.0253214000645348
benign,13.59302518849821
benign,13.925848925848927
benign,21.588959541293782
benign,13.949052784310972
benign,30.741929380767857
benign,23.085551136943
benign,4.034932087448499
benign,3.081739239869117
benign,5.160518136715508
benign,4.580991148155327
benign,3.813856825905019
benign,0.5557912267471091
benign,7.207267984438598
benign,15.6322332784499
benign,42.98209835595317
benign,2.25694966190834
benign,3.8512747763098454
benign,35.77431936371979
benign,12.897727272727272
benign,40.089680502068184
benign,4.040638503017534
benign,9.495046439628483
benign,7.082465431235252
benign,11.851287262872628
benign,7.366038226982003
benign,3.1318519227242643
benign,13.499351117519828
benign,1.6827381906746985
benign,30.63300277366161
benign,7.797127488013161
benign,2.9688941120466517
benign,4.794937045212984
benign,6.516422013651205
benign,6.012047477951929
benign,31.95494601744602
benign,5.992007026191628
benign,6.594227633026131
benign,1.0319627961910387
benign,4.019650028686173
benign,1.3555683342917386
benign,4.299296767637882
benign,18.371139202600958
benign,6.639541014541014
benign,4.205194960648771
benign,1.2519096304130677
benign,1.9095717658309177
benign,0.9228788640553346
benign,0.9841008771929824
benign,2.008340649692713
benign,2.8442146089204914
benign,0.8500164095831967
benign,2.8443584843391436
benign,0.8873126636700858
benign,2.947098663737873
benign,2.8236162835495056
benign,19.771990388025998
benign,0.8909808872091323
benign,44.88287912011416
benign,7.325181209539092
benign,30.98693616937932
benign,6.912569521690767
benign,5.2496546279850005
benign,21.518527174054167
benign,1.3021950521950523
benign,4.831118862498669
benign,1.3458039320108286
benign,14.905883273644708
benign,16.40299040670711
benign,0.611081536687073
benign,1.6209406718173194
benign,1.7343691207826413
benign,1.4871295695435864
benign,12.605936048199768
benign,1.1073709290889193
benign,0.534720478009703
benign,3.12911453356707
benign,23.47806531044761
benign,18.358979466494034
benign,1.0267071805533343
benign,1.5354167942671648
benign,1.2538370720188903
benign,0.8046200765686847
benign,1.766802093375568
benign,22.89252429782215
benign,3.3019797104304147
benign,0.3910701566951567
benign,2.848515519568151
benign,1.2680176460874282
benign,1.8156445151408036
benign,2.3975013991442653
benign,0.9058061094260189
benign,7.986332310187063
benign,3.5670446796150834
benign,9.608401835695194
benign,0.5117003282140897
benign,2.321087930298036
benign,11.089516275686488
benign,10.777605274758976
benign,0.9494326512398801
benign,2.023816039112668
benign,5.011609296454092
benign,1.3292152825440404
benign,0.741772129046235
benign,13.786234435262958
benign,17.335034502587693
benign,2.6550534376840864
benign,4.260081093303287
benign,0.6844709266854596
benign,1.5632776533532413
benign,0.6044862395668847
benign,10.521629390731263
benign,7.928325969563082
benign,5.010108018742665
malignant,12.162120618231844
malignant,11.981036156085837
malignant,2.822099612287504
malignant,19.725299069561363
malignant,2.7902946273830156
malignant,10.936956554612953
malignant,25.87061952440551
malignant,5.377135889274233
malignant,7.8098978790259235
malignant,15.839110054796329
malignant,18.751172450757068
malignant,19.52666609976886
malignant,3.0121278212881264
malignant,1.9970685941240394
malignant,16.466029782612697
malignant,17.033348423117552
malignant,17.34642423888101
malignant,7.153519310213889
malignant,4.9122983436525836
malignant,5.341557826728676
malignant,21.160357810683784
malignant,6.234366811991162
malignant,6.980010967300918
malignant,39.71957237473235
malignant,8.141764710505427
malignant,7.718699036893444
malignant,11.611730981920504
malignant,5.265839054515816
malignant,12.640772236267525
malignant,16.69241912119749
malignant,6.000407344266252
malignant,43.67554154481117
malignant,31.21335189912586
malignant,11.625883116163893
malignant,12.140158467939305
malignant,1.6182605273514363
malignant,37.6859006090868
malignant,6.224485080030194
malignant,33.8898779152483
malignant,29.408075150242137
malignant,36.152136752136755
malignant,8.470287433911318
malignant,32.36067488197961
malignant,13.883998484593707
malignant,12.546066584943475
malignant,1.3128383025808188
malignant,4.694536947426978
malignant,5.031949190170074
malignant,7.182262366657094
malignant,8.398033970553055
malignant,19.398489451313505
malignant,3.399289506856641
malignant,6.649132521225544
malignant,22.50294591912677
malignant,22.284524624927926
malignant,34.11229079112291
malignant,42.41922798383392
malignant,4.561384701652538
malignant,8.018329528669263
malignant,12.981367065874108
malignant,19.181726657811225
malignant,24.919408226117493
malignant,3.5496972382218286
malignant,12.178760963074689
malignant,22.497859977144977
malignant,45.67706201740744
malignant,5.799019437124405
malignant,8.784015484618257
malignant,39.62681908248059
malignant,37.7963400560532
malignant,13.596898197242844
malignant,8.042732881424138
malignant,19.37709866063007
malignant,4.870940298130298
malignant,21.59290922806135
malignant,9.24952380952381
malignant,9.157477881863128
malignant,23.994106227985913
malignant,14.204899063491059
malignant,1.1094364249421198
malignant,10.685237794612796
malignant,0.5060277404019528
malignant,10.703175056545804
malignant,2.1398455006486614
malignant,18.295202674781173
malignant,21.496057733481567
malignant,31.054903001438568
malignant,56.29242238789362
malignant,16.779811244144707
malignant,13.27047294219336
malignant,20.089468616846936
malignant,13.576745047213478
malignant,7.90007754514235
malignant,3.9166138247161517
malignant,21.074368849377752
malignant,6.245746915589219
malignant,7.860488135717493
malignant,19.436795491143315
malignant,6.610516473163372
malignant,7.589823850005731
malignant,12.76746809835045
malignant,10.24767861624293
malignant,17.70697012802276
malignant,20.292132409035126
malignant,18.22947389946753
malignant,10.877425440172475
malignant,21.28608316666169
malignant,31.899404882141802
malignant,1.6351039260969975
malignant,9.096251795742457
malignant,4.57667928243946
malignant,3.638237406701852
malignant,1.9819758774901746
malignant,42.209829416676605
malignant,26.169629309984828
malignant,21.47163120567376
malignant,20.831541764862763
malignant,35.29965556831228
malignant,13.879630693789984
malignant,36.59616186900292
malignant,11.973185361508934
malignant,11.064490080276137
malignant,27.490138782724244
malignant,5.515633540441955
malignant,17.383391496866672
malignant,15.742362540321992
malignant,23.731508497133497
malignant,3.740565477074852
malignant,3.1844186437826014
malignant,17.385238952140362
malignant,32.10874064639388
malignant,3.0552174892945683
malignant,20.078805600259912
malignant,17.551854179761158
malignant,2.7947646895015317
malignant,4.87683164723495
malignant,0.21231422505307856
malignant,38.36693323768298
malignant,9.157128368588815
malignant,8.023375187554292
malignant,3.74943318500073
malignant,21.339918946301925
malignant,23.477922227275343
malignant,21.977254300110037
malignant,5.568074871902122
malignant,12.606798832584795
malignant,4.3524440736620935
malignant,20.096169875802282
malignant,38.67246883551231
malignant,21.45986829236487
malignant,19.00274769678358
malignant,27.589961552324883
malignant,6.846566439589695
malignant,2.1001554741962987
malignant,5.7639064906705135
malignant,9.900507535043312
malignant,16.474152772147434
malignant,6.902874079202137
malignant,4.750169330184708
malignant,5.232084427257795
malignant,6.0664613358128
malignant,8.67813944799888
malignant,35.482855245943256
malignant,22.117491894268284
malignant,16.126577824691033
malignant,3.3323237676989477
malignant,16.32976865022762
malignant,3.455915370189387
malignant,4.979293639631193
malignant,3.7923763623418587
malignant,11.064812274113505
malignant,12.401841108852029
malignant,6.387715492636145
malignant,20.781573498964804
malignant,4.268232922167929
malignant,6.087072293968846
malignant,6.03938080495356
malignant,26.257439477334763
malignant,4.640326895375842
malignant,6.0091289513493695
malignant,31.039265333887606
malignant,32.74413050335722
malignant,19.764515997406683
malignant,15.351247316603745
malignant,21.61900358849041
malignant,5.210443226498272
malignant,21.271073646850045
malignant,3.538292982737427
malignant,8.88778205068804
malignant,23.135642982971227
malignant,14.859866268316974
malignant,15.355539197644461
malignant,18.171583056279072
malignant,11.849324771892745
malignant,5.263081395348837
malignant,11.16662094017912
malignant,5.504272995265461
malignant,9.839950289451604
malignant,16.087015821058372
malignant,6.156043483961314
malignant,11.700136283469616
malignant,20.266898889098098
malignant,9.929303000090638
malignant,10.447956033340514
malignant,7.503520550188308
malignant,14.402411859589831
malignant,19.513368307056158
malignant,23.29826340474078
malignant,10.910948456628052
malignant,5.786382341937898
