class,filename,width,height,mode,dtype,min,max,unique_values
benign,benign (1)_mask.png,562,471,1,bool,False,True,2
benign,benign (10)_mask.png,683,585,1,bool,False,True,2
benign,benign (100)_mask.png,323,473,1,bool,False,True,2
benign,benign (100)_mask_1.png,323,473,1,bool,False,True,2
benign,benign (101)_mask.png,563,473,1,bool,False,True,2
benign,benign (102)_mask.png,634,610,1,bool,False,True,2
benign,benign (103)_mask.png,766,585,1,bool,False,True,2
benign,benign (104)_mask.png,777,578,1,bool,False,True,2
benign,benign (105)_mask.png,882,581,1,bool,False,True,2
benign,benign (106)_mask.png,808,716,1,bool,False,True,2
benign,benign (107)_mask.png,759,616,1,bool,False,True,2
benign,benign (108)_mask.png,769,582,1,bool,False,True,2
benign,benign (109)_mask.png,562,470,1,bool,False,True,2
benign,benign (11)_mask.png,689,587,1,bool,False,True,2
benign,benign (110)_mask.png,555,468,1,bool,False,True,2
benign,benign (111)_mask.png,315,477,1,bool,False,True,2
benign,benign (112)_mask.png,652,612,1,bool,False,True,2
benign,benign (113)_mask.png,810,695,1,bool,False,True,2
benign,benign (114)_mask.png,757,575,1,bool,False,True,2
benign,benign (115)_mask.png,554,469,1,bool,False,True,2
benign,benign (116)_mask.png,766,588,1,bool,False,True,2
benign,benign (117)_mask.png,806,688,1,bool,False,True,2
benign,benign (118)_mask.png,653,620,1,bool,False,True,2
benign,benign (119)_mask.png,762,585,1,bool,False,True,2
benign,benign (12)_mask.png,678,571,1,bool,False,True,2
benign,benign (120)_mask.png,808,695,1,bool,False,True,2
benign,benign (121)_mask.png,646,610,1,bool,False,True,2
benign,benign (122)_mask.png,774,577,1,bool,False,True,2
benign,benign (123)_mask.png,648,610,1,bool,False,True,2
benign,benign (124)_mask.png,645,614,1,bool,False,True,2
benign,benign (125)_mask.png,756,578,1,bool,False,True,2
benign,benign (126)_mask.png,771,570,1,bool,False,True,2
benign,benign (127)_mask.png,558,476,1,bool,False,True,2
benign,benign (128)_mask.png,549,475,1,bool,False,True,2
benign,benign (129)_mask.png,775,587,1,bool,False,True,2
benign,benign (13)_mask.png,678,571,1,bool,False,True,2
benign,benign (130)_mask.png,558,474,1,bool,False,True,2
benign,benign (131)_mask.png,587,435,1,bool,False,True,2
benign,benign (132)_mask.png,552,483,1,bool,False,True,2
benign,benign (133)_mask.png,369,342,1,bool,False,True,2
benign,benign (134)_mask.png,378,345,1,bool,False,True,2
benign,benign (135)_mask.png,776,582,1,bool,False,True,2
benign,benign (136)_mask.png,886,581,1,bool,False,True,2
benign,benign (137)_mask.png,777,578,1,bool,False,True,2
benign,benign (138)_mask.png,766,600,1,bool,False,True,2
benign,benign (139)_mask.png,563,468,1,bool,False,True,2
benign,benign (14)_mask.png,699,531,1,bool,False,True,2
benign,benign (140)_mask.png,452,591,1,bool,False,True,2
benign,benign (141)_mask.png,567,471,1,bool,False,True,2
benign,benign (142)_mask.png,785,582,1,bool,False,True,2
benign,benign (143)_mask.png,554,467,1,bool,False,True,2
benign,benign (144)_mask.png,770,580,1,bool,False,True,2
benign,benign (145)_mask.png,779,574,1,bool,False,True,2
benign,benign (146)_mask.png,449,594,1,bool,False,True,2
benign,benign (147)_mask.png,564,463,1,bool,False,True,2
benign,benign (148)_mask.png,567,463,1,bool,False,True,2
benign,benign (149)_mask.png,557,468,1,bool,False,True,2
benign,benign (15)_mask.png,701,526,1,bool,False,True,2
benign,benign (150)_mask.png,671,570,1,bool,False,True,2
benign,benign (151)_mask.png,560,469,1,bool,False,True,2
benign,benign (152)_mask.png,555,471,1,bool,False,True,2
benign,benign (153)_mask.png,772,574,1,bool,False,True,2
benign,benign (154)_mask.png,556,464,1,bool,False,True,2
benign,benign (155)_mask.png,783,583,1,bool,False,True,2
benign,benign (156)_mask.png,887,581,1,bool,False,True,2
benign,benign (157)_mask.png,567,465,1,bool,False,True,2
benign,benign (158)_mask.png,556,464,1,bool,False,True,2
benign,benign (159)_mask.png,696,574,1,bool,False,True,2
benign,benign (16)_mask.png,558,462,1,bool,False,True,2
benign,benign (160)_mask.png,624,585,1,bool,False,True,2
benign,benign (161)_mask.png,568,463,1,bool,False,True,2
benign,benign (162)_mask.png,549,470,1,bool,False,True,2
benign,benign (163)_mask.png,779,576,1,bool,False,True,2
benign,benign (163)_mask_1.png,779,576,1,bool,False,True,2
benign,benign (164)_mask.png,560,470,1,bool,False,True,2
benign,benign (165)_mask.png,558,464,1,bool,False,True,2
benign,benign (166)_mask.png,555,471,1,bool,False,True,2
benign,benign (167)_mask.png,566,463,1,bool,False,True,2
benign,benign (168)_mask.png,557,471,1,bool,False,True,2
benign,benign (169)_mask.png,561,469,1,bool,False,True,2
benign,benign (17)_mask.png,558,463,1,bool,False,True,2
benign,benign (170)_mask.png,564,468,1,bool,False,True,2
benign,benign (171)_mask.png,566,463,1,bool,False,True,2
benign,benign (172)_mask.png,619,589,1,bool,False,True,2
benign,benign (173)_mask.png,726,573,1,bool,False,True,2
benign,benign (173)_mask_1.png,726,573,1,bool,False,True,2
benign,benign (174)_mask.png,556,490,1,bool,False,True,2
benign,benign (175)_mask.png,765,573,1,bool,False,True,2
benign,benign (176)_mask.png,715,487,1,bool,False,True,2
benign,benign (177)_mask.png,562,470,1,bool,False,True,2
benign,benign (178)_mask.png,772,576,1,bool,False,True,2
benign,benign (179)_mask.png,422,468,1,bool,False,True,2
benign,benign (18)_mask.png,564,469,1,bool,False,True,2
benign,benign (180)_mask.png,763,600,1,bool,False,True,2
benign,benign (181)_mask.png,733,455,1,bool,False,True,2
benign,benign (181)_mask_1.png,733,455,1,bool,False,True,2
benign,benign (182)_mask.png,555,463,1,bool,False,True,2
benign,benign (183)_mask.png,916,683,1,bool,False,True,2
benign,benign (184)_mask.png,349,487,1,bool,False,True,2
benign,benign (185)_mask.png,752,592,1,bool,False,True,2
benign,benign (186)_mask.png,741,574,1,bool,False,True,2
benign,benign (187)_mask.png,730,574,1,bool,False,True,2
benign,benign (188)_mask.png,655,600,1,bool,False,True,2
benign,benign (189)_mask.png,544,465,1,bool,False,True,2
benign,benign (19)_mask.png,663,572,1,bool,False,True,2
benign,benign (190)_mask.png,734,470,1,bool,False,True,2
benign,benign (191)_mask.png,549,463,1,bool,False,True,2
benign,benign (192)_mask.png,557,474,1,bool,False,True,2
benign,benign (193)_mask.png,754,580,1,bool,False,True,2
benign,benign (194)_mask.png,711,492,1,bool,False,True,2
benign,benign (195)_mask.png,729,611,1,bool,False,True,2
benign,benign (195)_mask_1.png,729,611,1,bool,False,True,2
benign,benign (195)_mask_2.png,729,611,1,bool,False,True,2
benign,benign (196)_mask.png,766,580,1,bool,False,True,2
benign,benign (197)_mask.png,547,465,1,bool,False,True,2
benign,benign (198)_mask.png,759,571,1,bool,False,True,2
benign,benign (199)_mask.png,556,473,1,bool,False,True,2
benign,benign (2)_mask.png,557,473,1,bool,False,True,2
benign,benign (20)_mask.png,319,473,1,bool,False,True,2
benign,benign (200)_mask.png,554,473,1,bool,False,True,2
benign,benign (201)_mask.png,556,474,1,bool,False,True,2
benign,benign (202)_mask.png,552,469,1,bool,False,True,2
benign,benign (203)_mask.png,569,471,1,bool,False,True,2
benign,benign (204)_mask.png,560,476,1,bool,False,True,2
benign,benign (205)_mask.png,557,477,1,bool,False,True,2
benign,benign (206)_mask.png,569,485,1,bool,False,True,2
benign,benign (207)_mask.png,562,481,1,bool,False,True,2
benign,benign (208)_mask.png,562,479,1,bool,False,True,2
benign,benign (209)_mask.png,558,477,1,bool,False,True,2
benign,benign (21)_mask.png,558,451,1,bool,False,True,2
benign,benign (210)_mask.png,563,471,1,bool,False,True,2
benign,benign (211)_mask.png,557,465,1,bool,False,True,2
benign,benign (212)_mask.png,558,469,1,bool,False,True,2
benign,benign (213)_mask.png,573,486,1,bool,False,True,2
benign,benign (214)_mask.png,602,396,1,bool,False,True,2
benign,benign (215)_mask.png,600,396,1,bool,False,True,2
benign,benign (216)_mask.png,646,386,1,bool,False,True,2
benign,benign (217)_mask.png,603,396,1,bool,False,True,2
benign,benign (218)_mask.png,602,396,1,bool,False,True,2
benign,benign (219)_mask.png,608,396,1,bool,False,True,2
benign,benign (22)_mask.png,562,463,1,bool,False,True,2
benign,benign (220)_mask.png,609,396,1,bool,False,True,2
benign,benign (221)_mask.png,610,394,1,bool,False,True,2
benign,benign (222)_mask.png,605,392,1,bool,False,True,2
benign,benign (223)_mask.png,562,465,1,bool,False,True,2
benign,benign (224)_mask.png,568,469,1,bool,False,True,2
benign,benign (225)_mask.png,558,473,1,bool,False,True,2
benign,benign (226)_mask.png,555,469,1,bool,False,True,2
benign,benign (227)_mask.png,567,468,1,bool,False,True,2
benign,benign (228)_mask.png,563,469,1,bool,False,True,2
benign,benign (229)_mask.png,564,470,1,bool,False,True,2
benign,benign (23)_mask.png,779,583,1,bool,False,True,2
benign,benign (230)_mask.png,566,470,1,bool,False,True,2
benign,benign (231)_mask.png,561,472,1,bool,False,True,2
benign,benign (232)_mask.png,562,469,1,bool,False,True,2
benign,benign (233)_mask.png,557,471,1,bool,False,True,2
benign,benign (234)_mask.png,562,469,1,bool,False,True,2
benign,benign (235)_mask.png,560,468,1,bool,False,True,2
benign,benign (236)_mask.png,566,469,1,bool,False,True,2
benign,benign (237)_mask.png,558,473,1,bool,False,True,2
benign,benign (238)_mask.png,556,469,1,bool,False,True,2
benign,benign (239)_mask.png,560,473,1,bool,False,True,2
benign,benign (24)_mask.png,556,467,1,bool,False,True,2
benign,benign (240)_mask.png,556,473,1,bool,False,True,2
benign,benign (241)_mask.png,562,471,1,bool,False,True,2
benign,benign (242)_mask.png,556,474,1,bool,False,True,2
benign,benign (243)_mask.png,561,473,1,bool,False,True,2
benign,benign (244)_mask.png,561,475,1,bool,False,True,2
benign,benign (245)_mask.png,560,465,1,bool,False,True,2
benign,benign (246)_mask.png,526,331,1,bool,False,True,2
benign,benign (247)_mask.png,469,396,1,bool,False,True,2
benign,benign (248)_mask.png,472,385,1,bool,False,True,2
benign,benign (249)_mask.png,465,395,1,bool,False,True,2
benign,benign (25)_mask.png,770,583,1,bool,False,True,2
benign,benign (25)_mask_1.png,770,583,1,bool,False,True,2
benign,benign (250)_mask.png,469,394,1,bool,False,True,2
benign,benign (251)_mask.png,467,387,1,bool,False,True,2
benign,benign (252)_mask.png,473,398,1,bool,False,True,2
benign,benign (253)_mask.png,463,383,1,bool,False,True,2
benign,benign (254)_mask.png,473,389,1,bool,False,True,2
benign,benign (255)_mask.png,473,389,1,bool,False,True,2
benign,benign (256)_mask.png,469,395,1,bool,False,True,2
benign,benign (257)_mask.png,467,392,1,bool,False,True,2
benign,benign (258)_mask.png,462,389,1,bool,False,True,2
benign,benign (259)_mask.png,465,390,1,bool,False,True,2
benign,benign (26)_mask.png,554,471,1,bool,False,True,2
benign,benign (260)_mask.png,498,331,1,bool,False,True,2
benign,benign (261)_mask.png,469,386,1,bool,False,True,2
benign,benign (262)_mask.png,471,401,1,bool,False,True,2
benign,benign (263)_mask.png,465,390,1,bool,False,True,2
benign,benign (264)_mask.png,462,391,1,bool,False,True,2
benign,benign (265)_mask.png,544,328,1,bool,False,True,2
benign,benign (266)_mask.png,462,389,1,bool,False,True,2
benign,benign (267)_mask.png,500,327,1,bool,False,True,2
benign,benign (268)_mask.png,506,330,1,bool,False,True,2
benign,benign (269)_mask.png,465,390,1,bool,False,True,2
benign,benign (27)_mask.png,774,576,1,bool,False,True,2
benign,benign (270)_mask.png,500,328,1,bool,False,True,2
benign,benign (271)_mask.png,510,324,1,bool,False,True,2
benign,benign (272)_mask.png,498,326,1,bool,False,True,2
benign,benign (273)_mask.png,560,469,1,bool,False,True,2
benign,benign (274)_mask.png,556,471,1,bool,False,True,2
benign,benign (275)_mask.png,556,463,1,bool,False,True,2
benign,benign (276)_mask.png,550,474,1,bool,False,True,2
benign,benign (277)_mask.png,556,469,1,bool,False,True,2
benign,benign (278)_mask.png,561,464,1,bool,False,True,2
benign,benign (279)_mask.png,551,467,1,bool,False,True,2
benign,benign (28)_mask.png,841,696,1,bool,False,True,2
benign,benign (280)_mask.png,556,471,1,bool,False,True,2
benign,benign (281)_mask.png,605,392,1,bool,False,True,2
benign,benign (282)_mask.png,560,465,1,bool,False,True,2
benign,benign (283)_mask.png,621,508,1,bool,False,True,2
benign,benign (284)_mask.png,622,497,1,bool,False,True,2
benign,benign (285)_mask.png,625,494,1,bool,False,True,2
benign,benign (286)_mask.png,620,490,1,bool,False,True,2
benign,benign (287)_mask.png,466,390,1,bool,False,True,2
benign,benign (288)_mask.png,463,390,1,bool,False,True,2
benign,benign (289)_mask.png,468,393,1,bool,False,True,2
benign,benign (29)_mask.png,561,462,1,bool,False,True,2
benign,benign (290)_mask.png,465,389,1,bool,False,True,2
benign,benign (291)_mask.png,462,404,1,bool,False,True,2
benign,benign (292)_mask.png,460,391,1,bool,False,True,2
benign,benign (293)_mask.png,473,389,1,bool,False,True,2
benign,benign (294)_mask.png,469,394,1,bool,False,True,2
benign,benign (295)_mask.png,472,387,1,bool,False,True,2
benign,benign (296)_mask.png,503,328,1,bool,False,True,2
benign,benign (297)_mask.png,467,390,1,bool,False,True,2
benign,benign (298)_mask.png,466,391,1,bool,False,True,2
benign,benign (299)_mask.png,463,392,1,bool,False,True,2
benign,benign (3)_mask.png,558,471,1,bool,False,True,2
benign,benign (30)_mask.png,557,462,1,bool,False,True,2
benign,benign (300)_mask.png,463,387,1,bool,False,True,2
benign,benign (301)_mask.png,463,383,1,bool,False,True,2
benign,benign (302)_mask.png,466,390,1,bool,False,True,2
benign,benign (303)_mask.png,463,398,1,bool,False,True,2
benign,benign (304)_mask.png,467,387,1,bool,False,True,2
benign,benign (305)_mask.png,466,389,1,bool,False,True,2
benign,benign (306)_mask.png,471,386,1,bool,False,True,2
benign,benign (307)_mask.png,775,587,1,bool,False,True,2
benign,benign (308)_mask.png,552,468,1,bool,False,True,2
benign,benign (309)_mask.png,769,487,1,bool,False,True,2
benign,benign (31)_mask.png,557,467,1,bool,False,True,2
benign,benign (310)_mask.png,544,468,1,bool,False,True,2
benign,benign (311)_mask.png,549,496,1,bool,False,True,2
benign,benign (312)_mask.png,552,490,1,bool,False,True,2
benign,benign (313)_mask.png,555,468,1,bool,False,True,2
benign,benign (314)_mask.png,554,493,1,bool,False,True,2
benign,benign (315)_mask.png,551,470,1,bool,False,True,2
benign,benign (315)_mask_1.png,551,470,1,bool,False,True,2
benign,benign (316)_mask.png,550,469,1,bool,False,True,2
benign,benign (317)_mask.png,551,491,1,bool,False,True,2
benign,benign (318)_mask.png,554,465,1,bool,False,True,2
benign,benign (319)_mask.png,560,467,1,bool,False,True,2
benign,benign (32)_mask.png,656,611,1,bool,False,True,2
benign,benign (320)_mask.png,558,475,1,bool,False,True,2
benign,benign (321)_mask.png,546,467,1,bool,False,True,2
benign,benign (322)_mask.png,555,491,1,bool,False,True,2
benign,benign (323)_mask.png,560,468,1,bool,False,True,2
benign,benign (324)_mask.png,626,583,1,bool,False,True,2
benign,benign (325)_mask.png,613,583,1,bool,False,True,2
benign,benign (326)_mask.png,754,619,1,bool,False,True,2
benign,benign (327)_mask.png,689,578,1,bool,False,True,2
benign,benign (328)_mask.png,685,567,1,bool,False,True,2
benign,benign (329)_mask.png,665,576,1,bool,False,True,2
benign,benign (33)_mask.png,556,468,1,bool,False,True,2
benign,benign (330)_mask.png,669,567,1,bool,False,True,2
benign,benign (331)_mask.png,695,527,1,bool,False,True,2
benign,benign (332)_mask.png,703,531,1,bool,False,True,2
benign,benign (333)_mask.png,777,569,1,bool,False,True,2
benign,benign (334)_mask.png,589,426,1,bool,False,True,2
benign,benign (335)_mask.png,681,559,1,bool,False,True,2
benign,benign (336)_mask.png,783,585,1,bool,False,True,2
benign,benign (337)_mask.png,555,487,1,bool,False,True,2
benign,benign (338)_mask.png,611,382,1,bool,False,True,2
benign,benign (339)_mask.png,557,465,1,bool,False,True,2
benign,benign (34)_mask.png,558,471,1,bool,False,True,2
benign,benign (340)_mask.png,770,425,1,bool,False,True,2
benign,benign (341)_mask.png,683,562,1,bool,False,True,2
benign,benign (342)_mask.png,581,431,1,bool,False,True,2
benign,benign (343)_mask.png,564,467,1,bool,False,True,2
benign,benign (344)_mask.png,576,434,1,bool,False,True,2
benign,benign (345)_mask.png,566,466,1,bool,False,True,2
benign,benign (346)_mask.png,610,373,1,bool,False,True,2
benign,benign (346)_mask_1.png,610,373,1,bool,False,True,2
benign,benign (347)_mask.png,605,683,1,bool,False,True,2
benign,benign (348)_mask.png,1028,565,1,bool,False,True,2
benign,benign (349)_mask.png,555,471,1,bool,False,True,2
benign,benign (35)_mask.png,556,476,1,bool,False,True,2
benign,benign (350)_mask.png,786,580,1,bool,False,True,2
benign,benign (351)_mask.png,585,429,1,bool,False,True,2
benign,benign (352)_mask.png,573,428,1,bool,False,True,2
benign,benign (353)_mask.png,680,583,1,bool,False,True,2
benign,benign (354)_mask.png,606,605,1,bool,False,True,2
benign,benign (355)_mask.png,675,562,1,bool,False,True,2
benign,benign (356)_mask.png,556,468,1,bool,False,True,2
benign,benign (357)_mask.png,581,429,1,bool,False,True,2
benign,benign (358)_mask.png,555,467,1,bool,False,True,2
benign,benign (359)_mask.png,567,462,1,bool,False,True,2
benign,benign (36)_mask.png,526,474,1,bool,False,True,2
benign,benign (360)_mask.png,683,574,1,bool,False,True,2
benign,benign (361)_mask.png,558,470,1,bool,False,True,2
benign,benign (362)_mask.png,557,464,1,bool,False,True,2
benign,benign (363)_mask.png,586,433,1,bool,False,True,2
benign,benign (364)_mask.png,557,465,1,bool,False,True,2
benign,benign (365)_mask.png,582,431,1,bool,False,True,2
benign,benign (366)_mask.png,562,463,1,bool,False,True,2
benign,benign (367)_mask.png,560,462,1,bool,False,True,2
benign,benign (368)_mask.png,689,575,1,bool,False,True,2
benign,benign (369)_mask.png,772,581,1,bool,False,True,2
benign,benign (37)_mask.png,557,468,1,bool,False,True,2
benign,benign (370)_mask.png,549,458,1,bool,False,True,2
benign,benign (371)_mask.png,756,589,1,bool,False,True,2
benign,benign (372)_mask.png,544,469,1,bool,False,True,2
benign,benign (373)_mask.png,555,457,1,bool,False,True,2
benign,benign (374)_mask.png,544,468,1,bool,False,True,2
benign,benign (375)_mask.png,775,571,1,bool,False,True,2
benign,benign (376)_mask.png,546,467,1,bool,False,True,2
benign,benign (377)_mask.png,752,578,1,bool,False,True,2
benign,benign (378)_mask.png,548,464,1,bool,False,True,2
benign,benign (379)_mask.png,1010,583,1,bool,False,True,2
benign,benign (38)_mask.png,550,484,1,bool,False,True,2
benign,benign (380)_mask.png,750,572,1,bool,False,True,2
benign,benign (381)_mask.png,747,576,1,bool,False,True,2
benign,benign (382)_mask.png,730,475,1,bool,False,True,2
benign,benign (383)_mask.png,552,493,1,bool,False,True,2
benign,benign (384)_mask.png,760,425,1,bool,False,True,2
benign,benign (385)_mask.png,551,458,1,bool,False,True,2
benign,benign (386)_mask.png,768,578,1,bool,False,True,2
benign,benign (387)_mask.png,549,486,1,bool,False,True,2
benign,benign (388)_mask.png,763,572,1,bool,False,True,2
benign,benign (389)_mask.png,927,567,1,bool,False,True,2
benign,benign (39)_mask.png,578,433,1,bool,False,True,2
benign,benign (390)_mask.png,779,583,1,bool,False,True,2
benign,benign (391)_mask.png,687,578,1,bool,False,True,2
benign,benign (392)_mask.png,729,477,1,bool,False,True,2
benign,benign (393)_mask.png,685,583,1,bool,False,True,2
benign,benign (394)_mask.png,558,468,1,bool,False,True,2
benign,benign (395)_mask.png,615,576,1,bool,False,True,2
benign,benign (396)_mask.png,420,474,1,bool,False,True,2
benign,benign (397)_mask.png,554,470,1,bool,False,True,2
benign,benign (398)_mask.png,563,469,1,bool,False,True,2
benign,benign (399)_mask.png,555,468,1,bool,False,True,2
benign,benign (4)_mask.png,555,465,1,bool,False,True,2
benign,benign (4)_mask_1.png,555,465,RGBA,uint8,0,255,2
benign,benign (40)_mask.png,706,526,1,bool,False,True,2
benign,benign (400)_mask.png,779,580,1,bool,False,True,2
benign,benign (401)_mask.png,557,469,1,bool,False,True,2
benign,benign (402)_mask.png,561,469,1,bool,False,True,2
benign,benign (403)_mask.png,549,467,1,bool,False,True,2
benign,benign (404)_mask.png,772,578,1,bool,False,True,2
benign,benign (405)_mask.png,566,465,1,bool,False,True,2
benign,benign (406)_mask.png,563,463,1,bool,False,True,2
benign,benign (407)_mask.png,560,467,1,bool,False,True,2
benign,benign (408)_mask.png,554,465,1,bool,False,True,2
benign,benign (409)_mask.png,558,466,1,bool,False,True,2
benign,benign (41)_mask.png,550,484,1,bool,False,True,2
benign,benign (410)_mask.png,558,468,1,bool,False,True,2
benign,benign (411)_mask.png,602,587,1,bool,False,True,2
benign,benign (412)_mask.png,779,576,1,bool,False,True,2
benign,benign (413)_mask.png,433,478,1,bool,False,True,2
benign,benign (414)_mask.png,812,703,1,bool,False,True,2
benign,benign (415)_mask.png,781,578,1,bool,False,True,2
benign,benign (416)_mask.png,878,574,1,bool,False,True,2
benign,benign (417)_mask.png,599,416,1,bool,False,True,2
benign,benign (418)_mask.png,607,414,1,bool,False,True,2
benign,benign (419)_mask.png,772,574,1,bool,False,True,2
benign,benign (42)_mask.png,581,437,1,bool,False,True,2
benign,benign (420)_mask.png,768,574,1,bool,False,True,2
benign,benign (421)_mask.png,551,487,1,bool,False,True,2
benign,benign (422)_mask.png,768,487,1,bool,False,True,2
benign,benign (423)_mask.png,561,470,1,bool,False,True,2
benign,benign (424)_mask.png,544,469,1,bool,False,True,2
benign,benign (424)_mask_1.png,544,469,1,bool,False,True,2
benign,benign (425)_mask.png,544,469,1,bool,False,True,2
benign,benign (426)_mask.png,549,465,1,bool,False,True,2
benign,benign (427)_mask.png,780,380,1,bool,False,True,2
benign,benign (428)_mask.png,769,382,1,bool,False,True,2
benign,benign (429)_mask.png,582,437,1,bool,False,True,2
benign,benign (43)_mask.png,554,495,1,bool,False,True,2
benign,benign (430)_mask.png,768,581,1,bool,False,True,2
benign,benign (431)_mask.png,582,431,1,bool,False,True,2
benign,benign (432)_mask.png,469,394,1,bool,False,True,2
benign,benign (433)_mask.png,550,462,1,bool,False,True,2
benign,benign (434)_mask.png,501,609,1,bool,False,True,2
benign,benign (435)_mask.png,552,469,1,bool,False,True,2
benign,benign (436)_mask.png,502,474,1,bool,False,True,2
benign,benign (437)_mask.png,768,585,1,bool,False,True,2
benign,benign (44)_mask.png,777,580,1,bool,False,True,2
benign,benign (45)_mask.png,775,580,1,bool,False,True,2
benign,benign (46)_mask.png,561,468,1,bool,False,True,2
benign,benign (47)_mask.png,763,585,1,bool,False,True,2
benign,benign (48)_mask.png,775,583,1,bool,False,True,2
benign,benign (49)_mask.png,777,576,1,bool,False,True,2
benign,benign (5)_mask.png,549,496,1,bool,False,True,2
benign,benign (50)_mask.png,884,581,1,bool,False,True,2
benign,benign (51)_mask.png,357,338,1,bool,False,True,2
benign,benign (52)_mask.png,370,338,1,bool,False,True,2
benign,benign (53)_mask.png,552,492,1,bool,False,True,2
benign,benign (54)_mask.png,616,468,1,bool,False,True,2
benign,benign (54)_mask_1.png,616,468,RGBA,uint8,0,255,2
benign,benign (55)_mask.png,763,614,1,bool,False,True,2
benign,benign (56)_mask.png,806,711,1,bool,False,True,2
benign,benign (57)_mask.png,555,470,1,bool,False,True,2
benign,benign (58)_mask.png,781,572,1,bool,False,True,2
benign,benign (58)_mask_1.png,781,572,1,bool,False,True,2
benign,benign (59)_mask.png,563,468,1,bool,False,True,2
benign,benign (6)_mask.png,558,467,1,bool,False,True,2
benign,benign (60)_mask.png,759,598,1,bool,False,True,2
benign,benign (61)_mask.png,773,578,1,bool,False,True,2
benign,benign (62)_mask.png,389,594,1,bool,False,True,2
benign,benign (63)_mask.png,608,660,1,bool,False,True,2
benign,benign (64)_mask.png,610,471,1,bool,False,True,2
benign,benign (65)_mask.png,564,474,1,bool,False,True,2
benign,benign (66)_mask.png,562,473,1,bool,False,True,2
benign,benign (67)_mask.png,516,467,1,bool,False,True,2
benign,benign (68)_mask.png,682,587,1,bool,False,True,2
benign,benign (69)_mask.png,811,719,1,bool,False,True,2
benign,benign (7)_mask.png,624,578,1,bool,False,True,2
benign,benign (70)_mask.png,713,475,1,bool,False,True,2
benign,benign (71)_mask.png,554,469,1,bool,False,True,2
benign,benign (72)_mask.png,557,465,1,bool,False,True,2
benign,benign (73)_mask.png,557,471,1,bool,False,True,2
benign,benign (74)_mask.png,561,467,1,bool,False,True,2
benign,benign (75)_mask.png,685,578,1,bool,False,True,2
benign,benign (76)_mask.png,848,685,1,bool,False,True,2
benign,benign (77)_mask.png,551,488,1,bool,False,True,2
benign,benign (78)_mask.png,777,576,1,bool,False,True,2
benign,benign (79)_mask.png,648,604,1,bool,False,True,2
benign,benign (8)_mask.png,617,585,1,bool,False,True,2
benign,benign (80)_mask.png,561,473,1,bool,False,True,2
benign,benign (81)_mask.png,563,464,1,bool,False,True,2
benign,benign (82)_mask.png,656,458,1,bool,False,True,2
benign,benign (83)_mask.png,581,432,1,bool,False,True,2
benign,benign (83)_mask_1.png,581,432,1,bool,False,True,2
benign,benign (84)_mask.png,839,510,1,bool,False,True,2
benign,benign (85)_mask.png,561,465,1,bool,False,True,2
benign,benign (86)_mask.png,777,578,1,bool,False,True,2
benign,benign (87)_mask.png,768,571,1,bool,False,True,2
benign,benign (88)_mask.png,873,560,1,bool,False,True,2
benign,benign (89)_mask.png,893,576,1,bool,False,True,2
benign,benign (9)_mask.png,752,585,1,bool,False,True,2
benign,benign (90)_mask.png,772,574,1,bool,False,True,2
benign,benign (91)_mask.png,806,704,1,bool,False,True,2
benign,benign (92)_mask.png,763,612,1,bool,False,True,2
benign,benign (92)_mask_1.png,763,612,1,bool,False,True,2
benign,benign (93)_mask.png,561,466,1,bool,False,True,2
benign,benign (93)_mask_1.png,561,466,1,bool,False,True,2
benign,benign (94)_mask.png,767,583,1,bool,False,True,2
benign,benign (95)_mask.png,558,470,1,bool,False,True,2
benign,benign (96)_mask.png,767,574,1,bool,False,True,2
benign,benign (97)_mask.png,592,470,1,bool,False,True,2
benign,benign (98)_mask.png,795,558,1,bool,False,True,2
benign,benign (98)_mask_1.png,795,558,1,bool,False,True,2
benign,benign (99)_mask.png,554,471,1,bool,False,True,2
malignant,malignant (1)_mask.png,449,598,1,bool,False,True,2
malignant,malignant (10)_mask.png,462,393,1,bool,False,True,2
malignant,malignant (100)_mask.png,557,476,1,bool,False,True,2
malignant,malignant (101)_mask.png,883,559,1,bool,False,True,2
malignant,malignant (102)_mask.png,916,551,1,bool,False,True,2
malignant,malignant (103)_mask.png,555,488,1,bool,False,True,2
malignant,malignant (104)_mask.png,554,494,1,bool,False,True,2
malignant,malignant (105)_mask.png,577,450,1,bool,False,True,2
malignant,malignant (106)_mask.png,667,458,1,bool,False,True,2
malignant,malignant (107)_mask.png,576,454,1,bool,False,True,2
malignant,malignant (108)_mask.png,660,459,1,bool,False,True,2
malignant,malignant (109)_mask.png,552,471,1,bool,False,True,2
malignant,malignant (11)_mask.png,471,393,1,bool,False,True,2
malignant,malignant (110)_mask.png,557,470,1,bool,False,True,2
malignant,malignant (111)_mask.png,421,470,1,bool,False,True,2
malignant,malignant (112)_mask.png,549,471,1,bool,False,True,2
malignant,malignant (113)_mask.png,745,482,1,bool,False,True,2
malignant,malignant (114)_mask.png,340,439,1,bool,False,True,2
malignant,malignant (115)_mask.png,581,438,1,bool,False,True,2
malignant,malignant (116)_mask.png,582,434,1,bool,False,True,2
malignant,malignant (117)_mask.png,611,434,1,bool,False,True,2
malignant,malignant (118)_mask.png,562,473,1,bool,False,True,2
malignant,malignant (119)_mask.png,564,469,1,bool,False,True,2
malignant,malignant (12)_mask.png,479,392,1,bool,False,True,2
malignant,malignant (120)_mask.png,564,470,1,bool,False,True,2
malignant,malignant (121)_mask.png,562,476,1,bool,False,True,2
malignant,malignant (122)_mask.png,554,467,1,bool,False,True,2
malignant,malignant (123)_mask.png,321,483,1,bool,False,True,2
malignant,malignant (124)_mask.png,545,494,1,bool,False,True,2
malignant,malignant (125)_mask.png,557,465,1,bool,False,True,2
malignant,malignant (126)_mask.png,557,478,1,bool,False,True,2
malignant,malignant (127)_mask.png,591,464,1,bool,False,True,2
malignant,malignant (128)_mask.png,625,468,1,bool,False,True,2
malignant,malignant (129)_mask.png,569,458,1,bool,False,True,2
malignant,malignant (13)_mask.png,468,393,1,bool,False,True,2
malignant,malignant (130)_mask.png,555,463,1,bool,False,True,2
malignant,malignant (131)_mask.png,604,461,1,bool,False,True,2
malignant,malignant (132)_mask.png,451,581,1,bool,False,True,2
malignant,malignant (133)_mask.png,479,485,1,bool,False,True,2
malignant,malignant (134)_mask.png,556,467,1,bool,False,True,2
malignant,malignant (135)_mask.png,933,571,1,bool,False,True,2
malignant,malignant (136)_mask.png,190,335,1,bool,False,True,2
malignant,malignant (137)_mask.png,233,339,1,bool,False,True,2
malignant,malignant (138)_mask.png,556,467,1,bool,False,True,2
malignant,malignant (139)_mask.png,549,474,1,bool,False,True,2
malignant,malignant (14)_mask.png,273,398,1,bool,False,True,2
malignant,malignant (140)_mask.png,546,463,1,bool,False,True,2
malignant,malignant (141)_mask.png,588,434,1,bool,False,True,2
malignant,malignant (142)_mask.png,556,465,1,bool,False,True,2
malignant,malignant (143)_mask.png,562,467,1,bool,False,True,2
malignant,malignant (144)_mask.png,544,470,1,bool,False,True,2
malignant,malignant (145)_mask.png,550,462,1,bool,False,True,2
malignant,malignant (146)_mask.png,575,432,1,bool,False,True,2
malignant,malignant (147)_mask.png,552,471,1,bool,False,True,2
malignant,malignant (148)_mask.png,556,463,1,bool,False,True,2
malignant,malignant (149)_mask.png,763,572,1,bool,False,True,2
malignant,malignant (15)_mask.png,361,398,1,bool,False,True,2
malignant,malignant (150)_mask.png,557,463,1,bool,False,True,2
malignant,malignant (151)_mask.png,513,467,1,bool,False,True,2
malignant,malignant (152)_mask.png,776,574,1,bool,False,True,2
malignant,malignant (153)_mask.png,650,603,1,bool,False,True,2
malignant,malignant (154)_mask.png,556,464,1,bool,False,True,2
malignant,malignant (155)_mask.png,551,487,1,bool,False,True,2
malignant,malignant (156)_mask.png,562,457,1,bool,False,True,2
malignant,malignant (157)_mask.png,564,471,1,bool,False,True,2
malignant,malignant (158)_mask.png,313,444,1,bool,False,True,2
malignant,malignant (159)_mask.png,556,482,1,bool,False,True,2
malignant,malignant (16)_mask.png,511,472,1,bool,False,True,2
malignant,malignant (160)_mask.png,626,587,1,bool,False,True,2
malignant,malignant (161)_mask.png,694,576,1,bool,False,True,2
malignant,malignant (162)_mask.png,620,587,1,bool,False,True,2
malignant,malignant (163)_mask.png,643,570,1,bool,False,True,2
malignant,malignant (164)_mask.png,551,473,1,bool,False,True,2
malignant,malignant (165)_mask.png,505,332,1,bool,False,True,2
malignant,malignant (166)_mask.png,555,488,1,bool,False,True,2
malignant,malignant (167)_mask.png,563,459,1,bool,False,True,2
malignant,malignant (168)_mask.png,557,469,1,bool,False,True,2
malignant,malignant (169)_mask.png,557,463,1,bool,False,True,2
malignant,malignant (17)_mask.png,765,590,1,bool,False,True,2
malignant,malignant (170)_mask.png,556,463,1,bool,False,True,2
malignant,malignant (171)_mask.png,624,589,1,bool,False,True,2
malignant,malignant (172)_mask.png,602,469,1,bool,False,True,2
malignant,malignant (173)_mask.png,573,451,1,bool,False,True,2
malignant,malignant (174)_mask.png,633,581,1,bool,False,True,2
malignant,malignant (175)_mask.png,564,470,1,bool,False,True,2
malignant,malignant (176)_mask.png,640,594,1,bool,False,True,2
malignant,malignant (177)_mask.png,613,581,1,bool,False,True,2
malignant,malignant (178)_mask.png,562,467,1,bool,False,True,2
malignant,malignant (179)_mask.png,432,476,1,bool,False,True,2
malignant,malignant (18)_mask.png,579,437,1,bool,False,True,2
malignant,malignant (180)_mask.png,562,461,1,bool,False,True,2
malignant,malignant (181)_mask.png,497,488,1,bool,False,True,2
malignant,malignant (182)_mask.png,689,583,1,bool,False,True,2
malignant,malignant (183)_mask.png,557,457,1,bool,False,True,2
malignant,malignant (184)_mask.png,552,492,1,bool,False,True,2
malignant,malignant (185)_mask.png,694,582,1,bool,False,True,2
malignant,malignant (186)_mask.png,566,506,1,bool,False,True,2
malignant,malignant (187)_mask.png,765,585,1,bool,False,True,2
malignant,malignant (188)_mask.png,724,473,1,bool,False,True,2
malignant,malignant (189)_mask.png,433,400,1,bool,False,True,2
malignant,malignant (19)_mask.png,554,459,1,bool,False,True,2
malignant,malignant (190)_mask.png,576,427,1,bool,False,True,2
malignant,malignant (191)_mask.png,673,471,1,bool,False,True,2
malignant,malignant (192)_mask.png,556,488,1,bool,False,True,2
malignant,malignant (193)_mask.png,781,574,1,bool,False,True,2
malignant,malignant (194)_mask.png,923,555,1,bool,False,True,2
malignant,malignant (195)_mask.png,555,475,1,bool,False,True,2
malignant,malignant (196)_mask.png,557,465,1,bool,False,True,2
malignant,malignant (197)_mask.png,552,484,1,bool,False,True,2
malignant,malignant (198)_mask.png,616,677,1,bool,False,True,2
malignant,malignant (199)_mask.png,504,473,1,bool,False,True,2
malignant,malignant (2)_mask.png,548,495,1,bool,False,True,2
malignant,malignant (20)_mask.png,558,475,1,bool,False,True,2
malignant,malignant (200)_mask.png,438,463,1,bool,False,True,2
malignant,malignant (201)_mask.png,678,576,1,bool,False,True,2
malignant,malignant (202)_mask.png,550,491,1,bool,False,True,2
malignant,malignant (203)_mask.png,577,411,1,bool,False,True,2
malignant,malignant (204)_mask.png,875,585,1,bool,False,True,2
malignant,malignant (205)_mask.png,510,470,1,bool,False,True,2
malignant,malignant (206)_mask.png,792,571,1,bool,False,True,2
malignant,malignant (207)_mask.png,557,458,1,bool,False,True,2
malignant,malignant (208)_mask.png,617,664,1,bool,False,True,2
malignant,malignant (209)_mask.png,508,471,1,bool,False,True,2
malignant,malignant (21)_mask.png,601,367,1,bool,False,True,2
malignant,malignant (210)_mask.png,775,587,1,bool,False,True,2
malignant,malignant (22)_mask.png,570,474,1,bool,False,True,2
malignant,malignant (23)_mask.png,569,468,1,bool,False,True,2
malignant,malignant (24)_mask.png,564,462,1,bool,False,True,2
malignant,malignant (25)_mask.png,563,470,1,bool,False,True,2
malignant,malignant (26)_mask.png,564,469,1,bool,False,True,2
malignant,malignant (27)_mask.png,567,475,1,bool,False,True,2
malignant,malignant (28)_mask.png,562,470,1,bool,False,True,2
malignant,malignant (29)_mask.png,567,470,1,bool,False,True,2
malignant,malignant (3)_mask.png,425,475,1,bool,False,True,2
malignant,malignant (30)_mask.png,573,468,1,bool,False,True,2
malignant,malignant (31)_mask.png,723,509,1,bool,False,True,2
malignant,malignant (32)_mask.png,557,492,1,bool,False,True,2
malignant,malignant (33)_mask.png,557,496,1,bool,False,True,2
malignant,malignant (34)_mask.png,620,589,1,bool,False,True,2
malignant,malignant (35)_mask.png,592,387,1,bool,False,True,2
malignant,malignant (36)_mask.png,623,494,1,bool,False,True,2
malignant,malignant (37)_mask.png,626,490,1,bool,False,True,2
malignant,malignant (38)_mask.png,1048,578,1,bool,False,True,2
malignant,malignant (39)_mask.png,564,469,1,bool,False,True,2
malignant,malignant (4)_mask.png,432,473,1,bool,False,True,2
malignant,malignant (40)_mask.png,548,461,1,bool,False,True,2
malignant,malignant (41)_mask.png,580,476,1,bool,False,True,2
malignant,malignant (42)_mask.png,578,439,1,bool,False,True,2
malignant,malignant (43)_mask.png,543,571,1,bool,False,True,2
malignant,malignant (44)_mask.png,765,580,1,bool,False,True,2
malignant,malignant (45)_mask.png,781,592,1,bool,False,True,2
malignant,malignant (46)_mask.png,785,571,1,bool,False,True,2
malignant,malignant (47)_mask.png,562,471,1,bool,False,True,2
malignant,malignant (48)_mask.png,552,493,1,bool,False,True,2
malignant,malignant (49)_mask.png,622,491,1,bool,False,True,2
malignant,malignant (5)_mask.png,431,476,1,bool,False,True,2
malignant,malignant (50)_mask.png,567,469,1,bool,False,True,2
malignant,malignant (51)_mask.png,588,437,1,bool,False,True,2
malignant,malignant (52)_mask.png,552,462,1,bool,False,True,2
malignant,malignant (53)_mask.png,569,471,1,bool,False,True,2
malignant,malignant (53)_mask_1.png,569,471,1,bool,False,True,2
malignant,malignant (54)_mask.png,777,580,1,bool,False,True,2
malignant,malignant (55)_mask.png,786,556,1,bool,False,True,2
malignant,malignant (56)_mask.png,690,538,1,bool,False,True,2
malignant,malignant (57)_mask.png,717,533,1,bool,False,True,2
malignant,malignant (58)_mask.png,688,558,1,bool,False,True,2
malignant,malignant (59)_mask.png,682,561,1,bool,False,True,2
malignant,malignant (6)_mask.png,432,478,1,bool,False,True,2
malignant,malignant (60)_mask.png,681,559,1,bool,False,True,2
malignant,malignant (61)_mask.png,566,462,1,bool,False,True,2
malignant,malignant (62)_mask.png,693,565,1,bool,False,True,2
malignant,malignant (63)_mask.png,795,572,1,bool,False,True,2
malignant,malignant (64)_mask.png,772,479,1,bool,False,True,2
malignant,malignant (65)_mask.png,922,584,1,bool,False,True,2
malignant,malignant (66)_mask.png,655,584,1,bool,False,True,2
malignant,malignant (67)_mask.png,946,604,1,bool,False,True,2
malignant,malignant (68)_mask.png,574,464,1,bool,False,True,2
malignant,malignant (69)_mask.png,646,461,1,bool,False,True,2
malignant,malignant (7)_mask.png,432,474,1,bool,False,True,2
malignant,malignant (70)_mask.png,668,463,1,bool,False,True,2
malignant,malignant (71)_mask.png,528,592,1,bool,False,True,2
malignant,malignant (72)_mask.png,528,598,1,bool,False,True,2
malignant,malignant (73)_mask.png,549,474,1,bool,False,True,2
malignant,malignant (74)_mask.png,558,464,1,bool,False,True,2
malignant,malignant (75)_mask.png,441,412,1,bool,False,True,2
malignant,malignant (76)_mask.png,769,494,1,bool,False,True,2
malignant,malignant (77)_mask.png,801,587,1,bool,False,True,2
malignant,malignant (78)_mask.png,880,567,1,bool,False,True,2
malignant,malignant (79)_mask.png,564,468,1,bool,False,True,2
malignant,malignant (8)_mask.png,426,473,1,bool,False,True,2
malignant,malignant (80)_mask.png,643,443,1,bool,False,True,2
malignant,malignant (81)_mask.png,764,452,1,bool,False,True,2
malignant,malignant (82)_mask.png,569,459,1,bool,False,True,2
malignant,malignant (83)_mask.png,654,616,1,bool,False,True,2
malignant,malignant (84)_mask.png,649,612,1,bool,False,True,2
malignant,malignant (85)_mask.png,733,485,1,bool,False,True,2
malignant,malignant (86)_mask.png,735,483,1,bool,False,True,2
malignant,malignant (87)_mask.png,561,499,1,bool,False,True,2
malignant,malignant (88)_mask.png,775,591,1,bool,False,True,2
malignant,malignant (89)_mask.png,786,585,1,bool,False,True,2
malignant,malignant (9)_mask.png,430,480,1,bool,False,True,2
malignant,malignant (90)_mask.png,783,587,1,bool,False,True,2
malignant,malignant (91)_mask.png,550,494,1,bool,False,True,2
malignant,malignant (92)_mask.png,617,581,1,bool,False,True,2
malignant,malignant (93)_mask.png,554,470,1,bool,False,True,2
malignant,malignant (94)_mask.png,564,452,1,bool,False,True,2
malignant,malignant (95)_mask.png,781,486,1,bool,False,True,2
malignant,malignant (96)_mask.png,560,483,1,bool,False,True,2
malignant,malignant (97)_mask.png,583,486,1,bool,False,True,2
malignant,malignant (98)_mask.png,770,486,1,bool,False,True,2
malignant,malignant (99)_mask.png,550,486,1,bool,False,True,2
