epoch,train_loss,train_accuracy,validation_loss,validation_accuracy,epoch_time_seconds,best_checkpoint
1,0.6622671917113919,0.5920177383592018,0.6626631685138977,0.7216494845360825,74.87953120400005,True
2,0.4998823554975759,0.835920177383592,0.586304610230259,0.7319587628865979,16.646649255000057,True
3,0.29702959847357746,0.9135254988913526,0.4936135492681228,0.8041237113402062,17.811974174999932,True
4,0.18105988220999353,0.9445676274944568,0.4605763922109432,0.8556701030927835,9.929593945000079,True
5,0.08511487918259564,0.9822616407982262,0.4569659893708208,0.865979381443299,17.617529128000115,True
6,0.056647744021500294,0.9889135254988913,0.3742556072952773,0.9175257731958762,17.756167259999984,True
7,0.04976393487263149,0.9889135254988913,0.402926115641769,0.8969072164948454,17.73067806800009,False
8,0.06911265909539623,0.9778270509977827,0.314631738436988,0.9278350515463918,14.54352467700005,True
9,0.044072235436767276,0.9955654101995566,0.47529554609084784,0.8762886597938144,17.140497890000006,False
10,0.04093961803213654,0.9866962305986696,0.3754449366803699,0.845360824742268,11.942446927999981,False
11,0.033412719066946574,0.9977827050997783,0.340004838592257,0.865979381443299,10.898619110000027,False
12,0.03649472992066005,0.9933481152993349,0.4359077780460849,0.8865979381443299,10.090272786000014,False
13,0.022479282055017095,0.9933481152993349,0.46165919957800106,0.865979381443299,11.608355303999815,False
14,0.03697728978556698,0.9955654101995566,0.40291442849778947,0.8865979381443299,11.18607221000002,False
15,0.025517937052012017,0.9977827050997783,0.4350373332206275,0.865979381443299,10.28387924599997,False
16,0.040768772355402653,0.9933481152993349,0.3384935780975622,0.865979381443299,10.066244401999938,False
17,0.01986797167165845,0.9955654101995566,0.31848332378053174,0.8969072164948454,11.129511252999919,False
18,0.012026333917105806,1.0,0.35463884853057026,0.8865979381443299,11.365153211000006,False
19,0.014079457673423834,0.9977827050997783,0.3378984013082671,0.9175257731958762,9.915248929999962,False
20,0.014850740422166372,0.9955654101995566,0.37924531527756494,0.9072164948453608,11.019901898999933,False
